Repository name,RQ1 - Repository age (days),RQ2 - Total pull requests accepted,RQ3 - Total releases,RQ4 - Time since last update (days),RQ5 - Primary language,RQ6 - Issues closed percentage
freeCodeCamp,3354,21799,0,-1,TypeScript,0.984616254736723
free-programming-books,3793,6433,0,-1,N/A,0.9774011299435028
awesome,3520,641,0,-1,N/A,0.9341317365269461
public-apis,2901,1871,0,-1,Python,0.9820466786355476
coding-interview-university,2824,395,0,-1,N/A,0.8913043478260869
996.ICU,1801,1066,0,-1,N/A,0
developer-roadmap,2542,1783,1,-1,TypeScript,0.5956497490239822
build-your-own-x,2122,133,0,-1,N/A,0.707641196013289
system-design-primer,2559,196,0,-1,Python,0.2888086642599278
react,3933,9717,99,-1,JavaScript,0.9080758040418337
vue,3867,1133,249,-1,TypeScript,0.9644462199141116
awesome-python,3534,540,0,-1,Python,0
tensorflow,3036,16424,202,-1,C++,0.9509376531586143
javascript-algorithms,2168,282,0,-1,JavaScript,0.6342182890855457
Python,2784,2724,0,-1,Python,0.980542043085476
You-Dont-Know-JS,3757,365,0,-1,N/A,0.9134199134199135
CS-Notes,2207,375,0,-1,N/A,0.7756521739130435
awesome-selfhosted,3195,2395,1,-1,N/A,1.0
ohmyzsh,5298,3061,0,-1,Shell,0.9736955584303579
bootstrap,4598,8634,89,-1,JavaScript,0.9823270835202297
linux,4560,9,0,-1,C,0
flutter,3281,36032,7,-1,Dart,0.8674743184083915
computer-science,3588,252,0,-1,N/A,0.9760765550239234
AutoGPT,350,1524,20,-1,JavaScript,0.9587962962962963
project-based-learning,2514,182,0,-1,N/A,0.5478260869565217
vscode,3101,23229,125,-1,TypeScript,0.9571063483766045
gitignore,4861,1523,0,-1,N/A,0
Python-100-Days,2191,13,0,-1,Python,0.1685214626391097
the-art-of-command-line,3207,317,0,-1,N/A,0.5481171548117155
JavaGuide,2124,951,0,-1,Java,0.9414784394250514
javascript,4136,802,0,-1,JavaScript,0.9311145510835913
youtube-dl,4869,1618,341,-1,Python,0.8578822107211665
the-book-of-secret-knowledge,2077,122,0,-1,N/A,0
stable-diffusion-webui,556,1628,19,-1,Python,0.7326090023987583
fucking-algorithm,1471,232,1,-1,Markdown,0.5573366214549939
transformers,1949,11747,140,-1,Python,0.9464273093504841
next.js,2702,16037,1000,-1,JavaScript,0.872094805128467
30-seconds-of-code,2283,816,8,-1,JavaScript,1.0
go,3481,1,0,-1,Go,0.8568619025583394
awesome-go,3525,3108,0,-1,Go,0.998389694041868
react-native,3338,800,302,-1,C++,0.9670541113641719
electron,3975,18896,1000,-1,C++,0.955754039960762
free-programming-books-zh_CN,3769,282,3,-1,N/A,0
tech-interview-handbook,2795,454,0,-1,TypeScript,0.6818181818181818
d3,4903,475,193,-1,Shell,0.9972565157750343
kubernetes,3554,57713,656,-1,Go,0.956740667800555
axios,3481,812,71,-1,JavaScript,0.8873019415309082
PowerToys,1765,4507,93,-1,C#,0.791229995081533
node,3382,7596,375,-1,JavaScript,0.9116693679092382
create-react-app,2783,1944,83,-1,JavaScript,0.7931956257594168
awesome-chatgpt-prompts,451,114,0,-1,HTML,0
scrcpy,2291,75,35,-1,C,0.6040236686390532
three.js,5091,11969,154,-1,JavaScript,0.9704239237594479
TypeScript,3544,13694,188,-1,TypeScript,0.8587775607033212
nodebestpractices,2358,764,0,-1,Dockerfile,0.8955696202531646
angular,3451,3513,356,-1,TypeScript,0.9484482438208511
terminal,2393,3534,107,-1,C++,0.8785478547854786
deno,2116,10006,262,-1,Rust,0.8091635588705381
material-ui,3482,17556,447,-1,TypeScript,0.9154710920770878
rust,5006,53040,122,-1,Rust,0.8244619077113657
ant-design,3233,13089,636,-1,TypeScript,0.9665402942506348
clean-code-javascript,2651,149,0,-1,JavaScript,0.5496688741721855
puppeteer,2486,4253,357,-1,TypeScript,0.9545454545454546
java-design-patterns,3491,1226,0,-1,Java,0.7775305895439377
vue-element-admin,2509,312,49,-1,Vue,0.6571428571428571
GitHub-Chinese-Top-Charts,1638,0,0,-1,Java,0.5099337748344371
HelloGitHub,2857,17,40,-1,Python,0.9640092879256966
storybook,2904,9528,1000,-1,TypeScript,0.8591409418190846
papers-we-love,3728,425,0,-1,Shell,0.923728813559322
thefuck,3249,482,17,-1,Python,0.6577464788732394
free-for-dev,3270,2416,0,-1,HTML,0
godot,3708,31175,54,-1,C++,0.8000992063492064
Web-Dev-For-Beginners,1206,478,0,-1,JavaScript,0.8200692041522492
animate.css,4523,313,22,-1,CSS,0.9696969696969697
langchain,500,7949,318,-1,Python,0.7864913135249229
realworld,2925,427,0,-1,TypeScript,0.8973384030418251
frp,2992,567,91,-1,Go,0.9734208880550344
tailwindcss,2337,1959,219,-1,HTML,0.9971209213051824
models,2946,2322,41,-1,Python,0.8555232960044241
iptv,1932,6124,0,-1,JavaScript,0.9989232839838492
laravel,4649,1556,155,-1,PHP,0
pytorch,2756,5640,50,-1,Python,0.6839745984310796
every-programmer-should-know,2380,98,0,-1,N/A,0.42857142857142855
django,4324,8790,0,-1,Python,0
svelte,2657,3506,94,-1,JavaScript,0.8472709063595393
tauri,1692,3731,838,-1,Rust,0.8078111829165496
Awesome-Hacking,2892,29,0,-1,N/A,0
LeetCodeAnimation,1911,63,0,-1,Java,0.711864406779661
FiraCode,3397,132,29,-1,Clojure,0.7118773946360153
gin,3544,964,25,-1,Go,0.7329624478442281
neovim,3681,12100,36,-1,Vim Script,0.8698007529152512
opencv,4242,11832,62,-1,C++,0.7656960433394602
bitcoin,4820,13765,46,-1,C++,0.9536551017795417
nvm,5068,705,66,-1,Shell,0.8344497607655502
mall,2157,1,2,-1,Java,0.9462809917355371
app-ideas,1830,149,0,-1,N/A,0.2847222222222222
advanced-java,1972,79,1,-1,Java,0.9791666666666666
Font-Awesome,4395,202,54,-1,JavaScript,0.7163938685372824
spring-boot,4150,42,266,-1,Java,0.9825152728038762
hugo,3892,2343,257,-1,Go,0.935961292158816
json-server,3746,117,33,-1,JavaScript,0.4784172661870504
awesome-vue,3054,3463,0,0,N/A,0.8545454545454545
awesome-mac,2783,824,7,-1,JavaScript,0.7481108312342569
excalidraw,1519,3273,13,-1,TypeScript,0.5924232527759634
fastapi,1909,1693,177,-1,Python,0.9882040695959894
bun,1051,2554,122,-1,Zig,0.5909008519122712
core,3817,55258,1000,-1,Python,0.9454502451191192
moby,4059,19487,159,0,Go,0.8664551872040032
netdata,3909,7997,78,-1,C,0.9736534717715769
Front-End-Checklist,2327,173,1,-1,N/A,0.993103448275862
yt-dlp,1221,1885,78,-1,Python,0.8157934932029938
elasticsearch,5134,61753,138,0,Java,0.8798301980054081
node,393,84,27,-1,Shell,0.9693877551020408
reveal.js,4650,396,46,-1,JavaScript,0.7041648776298841
flask,5077,1543,33,0,Python,0.9988479262672811
Microsoft-Activation-Scripts,1508,3,14,-1,Batchfile,0.9734848484848485
mermaid,3406,1957,119,-1,JavaScript,0.690589527645551
swift,3051,46950,51,-1,C++,0.5701694452036076
awesome-interview-questions,3015,175,0,-1,N/A,0.543859649122807
ML-For-Beginners,1093,354,0,-1,HTML,0
code-server,1828,1420,140,-1,TypeScript,0.9080153800650695
hello-algo,482,662,7,-1,Java,0.9069767441860465
stable-diffusion,568,5,0,-1,Jupyter Notebook,0.2735294117647059
webpack,4373,4533,410,0,JavaScript,0.9844166495796596
vite,1409,4124,395,-1,TypeScript,0.9437852269356274
cs-video-courses,2687,138,0,-1,N/A,1.0
redis,5457,3671,65,-1,C,0.6898724208536777
supabase,1601,7837,10,-1,TypeScript,0.9483418367346939
github-readme-stats,1330,1076,0,-1,JavaScript,0.9139878366637706
express,5361,275,148,-1,JavaScript,0.9649723465894127
nest,2581,6011,93,-1,TypeScript,0.9909283922022776
Chart.js,4000,2932,108,-1,JavaScript,0.9519886363636364
protobuf,3474,4896,151,-1,C++,0.9047300685274946
awesome-machine-learning,3516,819,0,-1,Python,1.0
ChatGPT-Next-Web,356,539,57,-1,TypeScript,0.9404965753424658
devops-exercises,1610,261,0,-1,Python,0.717948717948718
awesome-for-beginners,3050,335,0,-1,N/A,0.815068493150685
funNLP,2018,14,0,-1,Python,0.6811594202898551
gpt4all,339,440,10,-1,C++,0.7417027417027418
33-js-concepts,2004,236,0,-1,JavaScript,0.7901234567901234
interviews,2571,42,0,-1,Java,0.4230769230769231
resume.github.com,4771,84,0,0,JavaScript,0.5221238938053098
awesome-react,3494,775,0,-1,N/A,0.9611650485436893
the-algorithm,339,2,0,-1,Scala,0.7318681318681318
keras,3260,3222,59,-1,Python,0.9849293833964864
ansible,4377,37707,65,-1,Python,0.983253290089191
redux,3197,1659,78,0,TypeScript,0.9808165272995573
rustdesk,1249,2335,13,-1,Rust,0.9827518620148962
atom,4423,3937,538,-1,JavaScript,0.9437919953257377
socket.io,5103,425,61,-1,TypeScript,0.9713366481427318
playwright,1567,12005,120,-1,TypeScript,0.9438941279023695
grafana,3732,39881,408,-1,TypeScript,0.894310349799579
markdown-here,4309,20,11,0,JavaScript,0.5049180327868853
HowToCook,1461,480,1,-1,Shell,0.4342948717948718
hoppscotch,1653,1352,37,0,TypeScript,0.7888563049853372
strapi,3074,7628,328,-1,TypeScript,0.9436268960833145
architect-awesome,2155,49,0,0,N/A,0.3142857142857143
angular.js,5167,789,0,-1,JavaScript,0.9567430025445293
nocode,2213,1,1,-1,Dockerfile,0.14105079572705473
javascript-questions,1723,324,0,0,N/A,0.9739130434782609
jquery,5445,686,9,-1,JavaScript,0.9691170073945193
Front-end-Developer-Interview-Questions,4402,470,0,0,Nunjucks,0.7931034482758621
cpython,2575,40393,0,-1,Python,0.8962585800327431
lodash,4345,577,2,-1,JavaScript,0.9907561033420241
v2rayN,1675,125,167,-1,C#,0.9947955390334573
echarts,3984,1268,114,0,TypeScript,0.8764953664700926
syncthing,3747,2480,362,-1,Go,0.9388327721661055
fzf,3781,434,36,-1,Go,0.8846153846153846
shadowsocks-windows,4063,278,55,-1,C#,0.9446940891807812
scikit-learn,4944,11740,39,-1,Python,0.8467493703945528
awesome-public-datasets,3388,188,1,0,N/A,0.415929203539823
superset,3145,12022,187,-1,TypeScript,0.928464232116058
tesseract,3488,1338,28,-1,C++,0.847944142746315
whisper,531,95,10,-1,Python,0
Ventoy,1451,261,95,-1,C,0.7027417027417028
manim,3266,564,10,-1,Python,0.6491862567811935
Apollo-11,3619,324,0,-1,Assembly,0.8381962864721485
Java,2784,1187,0,-1,Java,0.9887410440122825
html5-boilerplate,5149,737,33,-1,JavaScript,0.994740796393689
PayloadsAllTheThings,2690,508,2,0,Python,0
Best-websites-a-programmer-should-visit,2552,399,0,-1,N/A,0.6071428571428571
design-resources-for-developers,1394,883,0,-1,N/A,1.0
system-design-101,164,21,0,-1,N/A,0.275
awesome-nodejs,3520,405,0,-1,N/A,0.9900990099009901
gatsby,3205,18066,134,-1,JavaScript,0.9884450784593438
sway,1136,2682,126,-1,Rust,0.7583429228998849
spring-framework,4831,822,282,0,Java,0.9885011257639112
rails,5802,22945,114,-1,Ruby,0.9717025257249766
d2l-zh,2381,1020,16,-1,Python,0
obs-studio,3803,4423,195,-1,C,0.8786206896551724
imgui,3510,335,94,-1,C++,0.8504758418740849
openai-cookbook,720,452,0,-1,MDX,0.9071207430340558
awesome-cpp,3514,667,0,-1,N/A,0.4010507880910683
tabby,2624,1443,181,-1,TypeScript,0.6371848739495798
gpt4free,337,448,79,-1,Python,0.9240374609781478
element,2735,3229,145,-1,Vue,0.862590661831369
leetcode,2162,256,40,0,JavaScript,0.9642857142857143
awesome-courses,3393,194,0,-1,N/A,0.52
DeepLearning-500-questions,2073,302,0,-1,JavaScript,0.43243243243243246
caddy,3334,1790,112,-1,Go,0.9692101740294511
SecLists,4393,559,23,-1,PHP,0.91701244813278
gpt_academic,346,136,27,-1,Python,0.8545176110260337
awesome-scalability,2255,32,0,-1,N/A,0
llama.cpp,356,1898,1000,-1,C++,0.5616438356164384
prometheus,4114,5834,288,-1,Go,0.8571953010279001
react-router,3575,2056,268,-1,TypeScript,0.9935607617481846
alacritty,2933,1737,91,-1,Rust,0.9449106165632981
docusaurus,2445,4954,137,-1,TypeScript,0.910089224433768
normalize.css,4684,56,0,-1,CSS,0.9110671936758893
localstack,2682,4542,73,-1,Python,0.9429285165257494
face_recognition,2553,94,2,-1,Python,0.4444444444444444
requests,4764,1532,8,0,Python,0.9481825212683681
Semantic-UI,3978,356,154,0,JavaScript,0.8447444551591128
nuxt,2682,4376,212,-1,TypeScript,0.9330958318489491
awesome-flutter,2489,420,0,0,Dart,0
llama,380,45,0,-1,Python,0.6697459584295612
ui,421,290,16,-1,TypeScript,0.646640826873385
scrapy,5120,2089,37,-1,Python,0.8541168431841476
ionic-framework,3844,5451,848,-1,TypeScript,0.9832472427753735
Real-Time-Voice-Cloning,1740,48,0,-1,Python,0.835216572504708
nerd-fonts,3373,417,34,-1,CSS,0.9500554938956715
new-pac,2899,0,0,-1,N/A,0.7503259452411994
sherlock,1893,532,0,-1,Python,0.9169510807736063
material-design-icons,3431,44,16,-1,N/A,0.789435069699193
gpt-engineer,306,273,17,-1,Python,0.9408983451536643
guava,3563,481,42,-1,Java,0.8198019801980198
you-get,4210,569,118,-1,Python,0
git,5699,3,0,-1,C,0
awesome-chatgpt-prompts-zh,444,30,0,-1,N/A,0.5934065934065934
awesome-android-ui,3354,90,0,0,N/A,0.8761904761904762
faceswap,2263,354,4,0,Python,0.9810650887573964
act,1884,863,67,-1,Go,0.8238095238095238
anime,2909,72,15,0,JavaScript,0.71671388101983
privateGPT,303,137,5,-1,Python,0.8849840255591054
jekyll,5610,3123,109,-1,Ruby,0.9780655943179445
bulma,2958,610,17,-1,CSS,0.9134768740031898
prettier,2648,7903,113,0,JavaScript,0.8317337461300309
moment,4748,714,0,0,JavaScript,0.9504273504273504
tldr,3735,9900,4,0,Markdown,0.8816855753646677
RxJava,4069,3178,233,-1,Java,0.9958703939008895
rustlings,3089,793,39,-1,Rust,0.7655417406749556
hacker-scripts,3022,63,0,0,JavaScript,0.4875
kotlin,4399,2054,219,-1,Kotlin,0
traefik,3091,3991,406,0,Go,0.8879144009822838
AppFlowy,988,2181,62,-1,Dart,0.6941340782122905
openpilot,2653,9034,54,-1,Python,0.9218381775333857
uptime-kuma,971,1022,102,-1,JavaScript,0.8132646490663232
DefinitelyTyped,4164,48883,1,-1,TypeScript,0.9332249593597599
rich,1572,738,161,-1,Python,0.8617623282134196
ghidra,1826,407,33,0,Java,0.7031953195319532
pi-hole,3553,1788,102,-1,Shell,0.9867809932118614
chinese-poetry,2736,134,1,0,JavaScript,0.45549738219895286
ChatGPT,449,119,34,-1,Rust,0.3635346756152125
serverless,3236,4505,373,-1,JavaScript,0.8237885462555066
algorithm-visualizer,2846,183,0,0,JavaScript,0.6727272727272727
cypress,3284,5882,331,-1,JavaScript,0.901576511426092
etcd,3889,8311,231,-1,Go,0.9692379038491266
big-list-of-naughty-strings,3127,90,0,0,Python,0.3368421052631579
drawio-desktop,2471,19,128,0,JavaScript,0.8735806207418623
leetcode-master,1538,1990,0,0,Shell,0.2955665024630542
bypass-paywalls-chrome,2154,132,33,-1,JavaScript,1.0
mastodon,2929,13898,242,-1,Ruby,0.6568857223211775
pdf.js,4692,6980,59,0,JavaScript,0.963052887152961
bat,2140,1266,40,-1,Rust,0.8271134805788272
yolov5,1382,2065,10,-1,Python,0.9858522344486863
dayjs,2151,682,116,-1,JavaScript,0.5196141479099678
awesome-ios,3521,2212,0,-1,Swift,0.9978858350951374
Ghost,3953,10302,749,-1,JavaScript,0.995008075172515
go-ethereum,3717,6940,190,-1,Go,0.9670132203824926
okhttp,4238,3322,0,-1,Kotlin,0.9741010812169978
learn-regex,2413,124,0,0,N/A,0.4117647058823529
project-layout,2364,79,0,0,Makefile,0.3867924528301887
mkcert,2075,52,14,-1,Go,0.7129909365558912
github-cheat-sheet,3610,129,0,-1,N/A,0.703125
DeepFaceLab,2096,32,2,0,Python,0.5968703427719821
v2ray-core,3100,203,247,0,Go,0.9953143303397111
julia,4697,22930,152,-1,Julia,0.8425777887098758
meteor,4424,2071,0,-1,JavaScript,0.974076546506453
annotated_deep_learning_paper_implementations,1283,89,0,-1,Jupyter Notebook,0.7068965517241379
gogs,3669,1646,78,-1,Go,0.8272727272727273
Projects,3892,19,0,-1,N/A,0.4647887323943662
marktext,2300,937,36,-1,JavaScript,0.6006698920729439
architecture-samples,2946,222,0,0,Kotlin,0.7178947368421053
trackerslist,2867,1,0,0,N/A,0.9880952380952381
react,2098,351,0,-1,JavaScript,0.9850746268656716
ripgrep,2911,491,71,-1,Rust,0.9501295336787565
fuel-core,1281,852,75,-1,Rust,0.7675840978593272
core,2088,2369,198,-1,TypeScript,0.8544451517080416
AdminLTE,3718,1469,72,0,Astro,0.9633842872378244
professional-programming,3036,34,0,-1,Python,1.0
jest,3733,5422,199,-1,TypeScript,0.9574993501429685
awesome-wechat-weapp,2716,276,0,0,N/A,0
lazygit,2112,1203,148,-1,Go,0.6666666666666666
minio,3333,9049,460,-1,Go,0.9960289320663736
TensorFlow-Examples,3032,88,0,0,Jupyter Notebook,0.2987012987012987
parcel,2397,2341,35,-1,JavaScript,0.8761432926829268
design-patterns-for-humans,2569,49,0,0,N/A,0.94
PowerShell,2968,6725,162,-1,C#,0.9326858673811118
ollama,248,780,49,-1,Go,0.6455696202531646
rclone,3637,1737,101,-1,Go,0.834610962054427
Magisk,2730,1377,132,-1,C++,0.9959802667641148
babel,3441,5591,387,0,TypeScript,0.9283582089552239
x64dbg,3246,671,3,0,C++,0.7621419676214197
dive,2118,141,26,0,Go,0.5290322580645161
build-web-application-with-golang,4228,757,0,0,Go,0.610738255033557
100-Days-Of-ML-Code,2065,6,0,-1,N/A,0
segment-anything,343,16,0,0,Jupyter Notebook,0.25295109612141653
retrofit,4923,924,0,0,Java,0.9536967886482449
hyper,2799,3246,88,-1,TypeScript,0.7652267239066273
Motrix,1899,192,21,-1,JavaScript,0.4533120510774142
uBlock,3256,231,265,-1,JavaScript,0.9965197215777262
hackingtool,1419,55,0,-1,Python,0.8990536277602523
meilisearch,2138,1565,179,-1,Rust,0.92942515651679
pixijs,4055,3205,236,-1,TypeScript,0.9570131554567353
Prompt-Engineering-Guide,440,249,0,-1,MDX,0.5092592592592593
powerlevel10k,1831,152,33,-1,Shell,0.9847133757961783
cs-self-learning,862,222,4,-1,HTML,0.4936708860759494
first-contributions,2718,68464,0,-1,N/A,0.9817671809256662
git-flight-rules,3509,221,0,0,N/A,0.7534246575342466
awesome-rust,3514,1296,0,0,Rust,0.924812030075188
joplin,2599,2884,329,-1,TypeScript,0.9403204708960105
pandas,4937,24811,107,-1,Python,0.8633294975067127
yarn,2963,1653,152,0,JavaScript,0.7169061449098135
open-interpreter,230,195,25,-1,Python,0.7291666666666666
FFmpeg,4704,16,0,0,C,0
CppCoreGuidelines,3116,798,4,-1,Python,0.7903508771929825
hiring-without-whiteboards,2542,1247,0,0,JavaScript,0
gitea,2676,14680,187,-1,Go,0.8107699650015908
PythonDataScienceHandbook,2759,28,0,-1,Jupyter Notebook,0.4021164021164021
nocodb,2314,2774,129,-1,TypeScript,0.8350936967632028
terraform,3639,11318,291,-1,Go,0.9140955249987853
zustand,1787,590,80,-1,TypeScript,0.9968652037617555
huginn,4008,980,1,0,Ruby,0.7070610687022901
vue2-elm,2624,21,0,-1,Vue,0.8202247191011236
frontend-dev-bookmarks,3904,129,1,-1,N/A,0.803921568627451
30-Days-Of-JavaScript,1529,98,0,-1,JavaScript,0.3958333333333333
zx,1030,122,58,-1,JavaScript,0.8398950131233596
Alamofire,3500,624,97,-1,Swift,0.9871794871794872
pm2,3936,543,121,0,JavaScript,0.8255528255528255
astro,1081,5316,1000,-1,TypeScript,0.9756722151088348
grpc,3370,19172,290,-1,C++,0.9465293327362293
weekly,1965,81,0,0,N/A,0.18719590268886044
nw.js,4439,573,0,0,JavaScript,0.8752918555143524
styled-components,2753,937,165,0,TypeScript,0.9212099894477664
discourse,4065,22498,0,-1,Ruby,0
dubbo,4272,4958,94,0,Java,0.8671017502224859
react-use,1951,1498,254,0,TypeScript,0.42526690391459077
awesome-react-components,2806,316,0,-1,N/A,0.8979591836734694
edex-ui,2588,399,29,-1,JavaScript,0.9892665474060823
appwrite,1788,2582,80,-1,TypeScript,0.8259811378156373
Leaflet,4908,2933,31,-1,JavaScript,0.9238727308217841
front-end-interview-handbook,2238,244,0,-1,MDX,0.90625
starship,1794,2531,124,-1,Rust,0.748913568324481
awesome-java,3522,677,0,-1,N/A,0.9921259842519685
json,3892,702,44,-1,C++,0.9661636945587563
type-challenges,1316,530,0,-1,TypeScript,0.1053478466635116
uni-app,2058,233,0,0,JavaScript,0.7963483146067416
python-patterns,4285,262,0,0,Python,0.8705882352941177
n8n,1713,5647,136,-1,TypeScript,0.8908594815825375
react-hook-form,1821,1896,543,-1,TypeScript,0.9992912827781715
manifesto,200,760,0,-1,HTML,0.4583333333333333
dbeaver,3053,4432,194,0,Java,0.8796307768554082
chakra-ui,1657,2257,1000,-1,MDX,0.930788949017374
free,1362,0,0,0,N/A,0.2927241962774958
phaser,3975,1651,148,-1,JavaScript,0.990857946554149
metabase,3314,19509,438,0,Clojure,0.7970062714471661
CPlusPlusThings,1691,62,0,0,C++,0.9672897196261683
iina,2628,609,43,0,Swift,0.5563646170442287
preact,3093,1592,199,-1,JavaScript,0.9134889015367103
tidb,3098,27115,186,-1,Go,0.7924463322236253
slate,3820,297,28,0,SCSS,0.9191419141914191
tutorials,3958,11143,0,-1,Java,0.9875862068965517
pyenv,4199,840,92,-1,Roff,0.9758823529411764
pure-bash-bible,2087,28,0,0,Shell,0.42857142857142855
acme.sh,2987,1276,41,-1,Shell,0.6837635869565217
ant-design-pro,2379,959,26,0,TypeScript,0.9966326423234768
alist,1163,504,107,-1,Go,0.9642384105960264
lx-music-desktop,1660,30,105,-1,TypeScript,0.6614810205351587
cobra,3831,567,21,-1,Go,0.8372302158273381
awesome-design-patterns,2096,30,0,-1,N/A,0.3333333333333333
jeecg-boot,1921,39,35,0,Java,0.9940652818991098
MPAndroidChart,3597,190,44,0,Java,0.5862701161132614
Deep-Learning-Papers-Reading-Roadmap,2694,28,0,-1,Python,0.07547169811320754
cheat.sh,2488,122,0,-1,Python,0.5291666666666667
kong,3390,5378,137,0,Lua,0.990638895389656
php-src,4641,2147,0,-1,C,0.7844463229078613
video.js,5039,1692,304,0,JavaScript,0.9079530136722511
yuzu,2248,6468,0,-1,C++,0.6794144556267154
black,2178,1402,39,-1,Python,0.8615506329113924
esbuild,2816,226,278,0,Go,0.8858024691358025
PaddleOCR,1392,2282,8,0,Python,0.8803889409559512
awesome-cheatsheets,2303,163,0,-1,JavaScript,0.6493506493506493
freecodecamp.cn,2708,55,0,0,CSS,0.761986301369863
tabler,2219,462,42,0,HTML,0.9317129629629629
bert,1952,32,0,-1,Python,0.31040564373897706
ColossalAI,854,3115,35,0,Python,0.7759418374091209
prisma,1715,5035,182,-1,TypeScript,0.6998976458546571
wrk,4363,0,0,0,C,0.6541353383458647
sentry,4930,48426,125,-1,Python,0.8259431432147327
Open-Assistant,443,1616,127,-1,Python,0.8647166361974405
screenshot-to-code,107,29,0,-1,TypeScript,0.5813953488372093
styleguide,3207,155,0,-1,HTML,0.39570552147239263
manifesto,200,760,0,-1,HTML,0.4583333333333333
dbeaver,3053,4432,194,0,Java,0.8796307768554082
chakra-ui,1657,2257,1000,-1,MDX,0.930788949017374
free,1362,0,0,0,N/A,0.2927241962774958
phaser,3975,1651,138,-1,JavaScript,0.990857946554149
metabase,3314,19509,438,0,Clojure,0.7970062714471661
CPlusPlusThings,1691,62,0,0,C++,0.9672897196261683
interview_internal_reference,1725,35,0,0,Python,0.4
iina,2628,609,43,0,Swift,0.5563646170442287
preact,3093,1592,199,-1,JavaScript,0.9134889015367103
tidb,3098,27115,186,-1,Go,0.7924463322236253
slate,3820,297,28,0,SCSS,0.9191419141914191
tutorials,3958,11143,0,-1,Java,0.9875862068965517
reactjs-interview-questions,2100,133,0,-1,JavaScript,0.9072164948453608
pyenv,4199,840,92,-1,Roff,0.9758823529411764
pure-bash-bible,2087,28,0,0,Shell,0.42857142857142855
acme.sh,2987,1276,41,-1,Shell,0.6837635869565217
ant-design-pro,2379,959,26,0,TypeScript,0.9966326423234768
alist,1163,504,107,-1,Go,0.9642384105960264
zju-icicles,2802,205,0,0,HTML,0.8857142857142857
lx-music-desktop,1660,30,105,-1,TypeScript,0.6614810205351587
cobra,3831,567,21,-1,Go,0.8372302158273381
awesome-design-patterns,2096,30,0,-1,N/A,0.3333333333333333
lerna,3009,931,232,0,TypeScript,0.8676298320968372
v,1847,10023,191,-1,V,0.892305807400147
Made-With-ML,1942,147,0,0,Jupyter Notebook,0.875
og-aws,2787,498,0,-1,Shell,0.3805309734513274
JavaFamily,1570,2,0,0,N/A,0.9836065573770492
python-cheatsheet,2226,14,0,-1,Python,0.9230769230769231
stablediffusion,462,18,0,-1,Python,0.2454212454212454
fullPage.js,3814,301,90,0,JavaScript,0.9587959536146065
gorm,3779,680,2,0,Go,0.9486899563318777
deeplearningbook-chinese,2640,16,7,0,TeX,0.6831683168316832
wtfpython,2376,97,2,0,Python,0.6595744680851063
cli,1610,1996,127,-1,Go,0.8685586258401793
koa,3876,475,0,0,JavaScript,0.9600886917960089
leveldb,3473,61,21,0,C++,0.7171853856562923
hackathon-starter,3760,323,15,0,JavaScript,0.9922839506172839
MetaGPT,244,412,16,-1,Python,0.45429362880886426
English-level-up-tips,2466,24,0,0,HTML,0.723404255319149
shadowsocks-android,4092,252,184,0,Kotlin,0.9798549556809025
lottie-android,2701,651,48,-1,Java,0.9910661107802263
nativefier,3161,261,99,-1,TypeScript,0.7932148626817448
shellcheck,4121,274,28,0,Haskell,0.629222309505106
istio,2658,24215,328,0,Go,0.9723563431845917
hello-algorithm,1371,26,0,0,Java,0.7804878048780488
fuels-rs,850,678,83,-1,Rust,0.9
DragGAN,287,18,0,-1,Python,0.24861878453038674
Docker-OSX,1365,98,0,-1,Shell,0.44815465729349735
node-v0.x-archive,5391,218,0,0,N/A,1.0
TaskMatrix,364,21,0,0,Python,0.38439306358381503
vim,3117,321,0,0,Vim Script,0.8271940028434794
fanqiang,3333,3,2,0,Kotlin,0.5908479138627187
taro,2153,3011,167,0,TypeScript,0.8961633899599161
diagrams,1488,254,40,-1,Python,0.3924843423799583
arthas,2010,508,52,0,Java,0.8576642335766423
sheetjs,4105,106,0,0,N/A,0.9509228187919463
glide,3887,533,47,0,Java,0.8890410958904109
GFPGAN,1077,14,8,-1,Python,0.2773892773892774
fuels-ts,909,985,97,-1,TypeScript,0.8837209302325582
the-way-to-go_ZH_CN,3994,592,0,0,Go,0
awesome-react-native,3262,912,0,0,JavaScript,0.49295774647887325
aspnetcore,3642,15036,210,-1,C#,0.91072853372614
caffe,3822,1087,14,0,C++,0.8130217028380634
mitmproxy,5126,2207,59,0,Python,0.9102484472049689
carbon,2449,646,215,-1,JavaScript,0.9090909090909091
clipboard.js,3085,117,42,0,JavaScript,0.9807383627608347
airflow,3244,19279,77,-1,Python,0.9156959981547688
gym,2864,999,19,-1,Python,0.9560133630289532
text-generation-webui,435,878,32,-1,Python,0.9224976466896768
nvm-windows,3449,93,20,-1,Go,0.9095354523227384
955.WLB,1799,18,0,0,N/A,0.3064516129032258
12306,2479,31,1,0,Python,0.6743849493487699
odoo,3579,6169,0,-1,Python,0.8554420776189087
devdocs,3780,672,0,0,Ruby,0.8661971830985915
shadowsocks,4332,70,2,0,Python,0
wtfjs,2421,124,25,-1,JavaScript,0.8888888888888888
formik,2451,816,194,0,TypeScript,0.6915846016114593
date-fns,3433,1044,117,0,TypeScript,0.7164429530201343
curl,5095,174,76,-1,C,0.9954001839926403
AFNetworking,4657,710,40,-1,Objective-C,0
brackets,4467,4333,69,0,JavaScript,0.7296850800206505
MockingBird,936,73,1,-1,Python,0.47398843930635837
ClickHouse,2828,34682,531,-1,C++,0.8258793569950661
gold-miner,3039,3563,0,0,N/A,0.9991053855788156
50projects50days,1200,42,0,0,CSS,0
aria2,4842,243,24,0,C++,0.44148641153632834
typeorm,2922,1968,32,0,TypeScript,0.71814282109513
vim-plug,3824,167,5,-1,Vim Script,0.884
gulp,3892,396,22,-1,JavaScript,0.986272439281943
AndroidUtilCode,2770,87,117,0,Java,0.8211068211068211
immutable-js,3529,500,77,0,TypeScript,0.9155844155844156
tesseract.js,3172,163,52,-1,JavaScript,0.96996996996997
XX-Net,3332,362,386,0,Python,0.40563762435936085
lazydocker,1748,170,39,-1,Go,0.6188811188811189
insomnia,2868,2369,414,-1,JavaScript,0.8173020527859237
awesome-javascript,3530,369,0,-1,N/A,0.9770114942528736
netty,4860,3335,0,0,Java,0.9105897273303741
metasploit-framework,4566,10420,0,-1,Ruby,0.9326955927570891
google-research,1974,29,0,0,Jupyter Notebook,0.2688638334778838
material-design-lite,3332,655,14,0,HTML,0.8308115543328748
tmux,3192,1,35,-1,C,0.9830821285758228
googletest,3138,797,7,-1,C++,0.8846153846153846
interview,2211,35,0,-1,C++,0.6451612903225806
ShadowsocksX-NG,2820,63,29,0,Swift,0.7760416666666666
jieba,4170,96,9,0,Python,0.26817640047675806
zxing,4523,285,31,0,Java,0.9967923015236567
carbon-lang,1402,2457,0,-1,C++,0.8101933216168717
ijkplayer,3923,35,0,0,C,0.4769259747598418
react-beautiful-dnd,2395,525,68,-1,JavaScript,0.6571790006325111
ImHex,1206,449,63,-1,C++,0.8029197080291971
FastChat,347,755,14,-1,Python,0.6272845953002611
novu,917,3128,35,-1,TypeScript,0.7946298984034833
compose,3734,2977,217,-1,Go,0.9750545256270448
trpc,1321,3028,199,-1,TypeScript,0.9186991869918699
pocketbase,604,47,123,-1,Go,0.97
Fooocus,204,325,3,-1,Python,0.8753159224936815
pandoc,5094,1527,131,-1,Haskell,0.861422708618331
photoprism,2224,574,65,-1,Go,0.7978357107722578
spring-boot-demo,2302,15,0,0,Java,0.4409937888198758
HanLP,3430,77,57,-1,Python,0.9935576234788833
vaultwarden,2202,730,55,-1,Rust,0.99466097170315
DeepSpeed,1498,2060,70,-1,Python,0.6441102756892231
marked,4603,1264,126,0,JavaScript,0.9860724233983287
tldraw,1026,1409,18,0,TypeScript,0.5309859154929577
LeetCode-Go,2417,173,4,0,Go,0.8108108108108109
android-open-project,3707,204,0,0,N/A,0.8658536585365854
TrafficMonitor,2405,43,24,0,C++,0.39094908862350725
REKCARC-TSC-UHT,1791,144,0,-1,HTML,0.9310344827586207
Awesome-Design-Tools,1843,283,0,-1,JavaScript,0.7352941176470589
cli,4387,393,45,-1,Python,0.8103651354534747
lapce,2214,953,28,-1,Rust,0.5997666277712952
gitness,3674,1012,36,-1,Go,0.9347711730668069
husky,3538,246,72,-1,JavaScript,0.9854620976116303
Files,1882,4648,110,-1,C#,0.9566587008472736
awesome-awesomeness,3523,197,0,-1,Ruby,0.7878787878787878
bevy,1503,2279,21,-1,Rust,0.6572231327557949
framework,4067,14631,690,-1,PHP,0.9994908350305499
jQuery-File-Upload,4838,119,0,-1,PHP,0.9851874244256348
appsmith,1339,10698,212,-1,TypeScript,0.7932883679787704
fd,2487,530,37,-1,Rust,0.8872549019607843
bark,328,19,0,-1,Jupyter Notebook,0.5758354755784062
JavaScript,2422,761,0,-1,JavaScript,0.9894736842105263
halo,2171,1730,158,-1,Java,0.901299504950495
graphql-engine,2082,2109,249,0,TypeScript,0.6526315789473685
beego,4383,1251,28,0,Go,0.9978851963746224
certbot,3396,3732,50,-1,Python,0.9578107183580388
run,690,172,0,0,N/A,0.8617886178861789
ccxt,2482,10052,1,-1,Python,0.9180773249738767
solid,2137,333,34,-1,TypeScript,0.9315673289183223
htmx,1417,659,17,-1,JavaScript,0.6411870503597122
easyexcel,2214,165,9,-1,Java,0.8680811808118081
fiber,1505,1350,116,0,Go,0.945468509984639
streamlit,1650,3503,73,-1,Python,0.8141480730223124
awesome-shell,3524,307,0,-1,N/A,0.375
Blog,2544,3,0,0,N/A,0.31210191082802546
NeteaseCloudMusicApi,2808,292,0,-1,N/A,0.8914670658682635
slidev,1041,357,300,-1,TypeScript,0.9647201946472019
ray,2683,21154,79,0,Python,0.8145967166309779
fastify,2710,2601,278,-1,JavaScript,0.9654255319148937
awesome-php,3747,411,0,0,N/A,0.9923664122137404
sqlmap,4265,160,9,-1,Python,0.9898318341806804
rxjs,3273,2584,2,0,TypeScript,0.9324195090851132
p3c,2442,62,0,0,Kotlin,0.8229043683589138
Coursera-ML-AndrewNg-Notes,2308,13,0,0,HTML,0.23529411764705882
libpku,1925,22,0,0,TeX,0.7560975609756098
vimrc,4293,107,0,-1,Vim Script,0.9980314960629921
HEAD,2871,86,0,0,N/A,0.7849462365591398
spring-boot-examples,2672,7,0,-1,Java,0.9339622641509434
nanoGPT,428,42,0,-1,Python,0.33458646616541354
vue-cli,2986,1258,177,0,JavaScript,0.8306260266471984
chatgpt-web,385,153,43,0,Vue,0.9940968122786304
dotfiles,4560,44,0,0,Shell,0.6398963730569949
swc,2260,4398,398,0,Rust,0.9046577055329791
foundation-sites,4521,2950,78,0,HTML,0.9917184265010351
yew,2266,1672,35,-1,MDX,0.9102141680395387
html2canvas,4611,186,45,0,TypeScript,0.647682639434407
lottie-web,3296,128,0,-1,JavaScript,0.7497337593184239
chinese-independent-developer,2352,181,0,-1,N/A,0.967391304347826
openpose,2502,172,15,0,C++,0.8531684698608965
daisyui,1187,253,21,-1,Svelte,0.9591002044989775
modern-unix,1143,10,0,0,N/A,0.19230769230769232
phantomjs,4812,562,0,0,C++,0.9970495258166491
vault,3291,16834,130,-1,Go,0.832541567695962
learnGitBranching,4216,552,0,0,JavaScript,0.9458874458874459
react-boilerplate,3298,715,16,0,JavaScript,0.9589473684210527
localsend,440,343,16,-1,Dart,0.5222929936305732
termux-app,3051,141,89,-1,Java,0.8791732909379968
30-Days-Of-Python,1563,42,0,-1,Python,0.6907216494845361
Python,4474,1374,0,-1,Python,0.336
linux-insides,3344,572,0,-1,Python,0.8435754189944135
nushell,1756,5826,86,-1,Rust,0.7580840743734842
es6features,3650,41,0,0,N/A,0.631578947368421
Summer2024-Internships,1377,1667,0,-1,N/A,0.9977194982896237
COVID-19,1485,2152,0,-1,N/A,0.553072625698324
project-guidelines,2435,113,0,0,JavaScript,0.7631578947368421
zod,1454,390,79,-1,TypeScript,0.8251173708920188
symfony,5169,21786,483,-1,PHP,0.9716683621566633
zig,3129,7136,15,-1,Zig,0.7364302694136292
zsh-autosuggestions,3778,112,0,-1,Shell,0.7766143106457243
leakcanary,3227,891,35,-1,Kotlin,0.9489795918367347
v2rayNG,1751,179,166,-1,Kotlin,0.9372631578947368
swr,1585,744,111,-1,TypeScript,0.9164733178654292
awesome-compose,1477,147,0,-1,HTML,0.33962264150943394
Hover,3710,23,10,0,SCSS,0.7757009345794392
AgentGPT,328,537,12,0,TypeScript,0.7477477477477478
sequelize,4970,4634,472,-1,JavaScript,0.9204023830452193
selenium,4062,1825,91,0,Java,0.9883088087079218
pytorch-image-models,1853,313,55,0,Python,0.9156769596199525
500lines,3769,175,0,-1,JavaScript,0.5571428571428572
How-To-Ask-Questions-The-Smart-Way,3260,97,0,-1,JavaScript,0.7241379310344828
standard,3320,412,5,0,JavaScript,0.9127243066884176
fairseq,2375,226,16,0,Python,0.7390986601705237
webtorrent,3789,836,163,-1,JavaScript,0.9551681195516812
pytorch-tutorial,2547,28,0,-1,Python,0.6312849162011173
poetry,2192,1925,131,0,Python,0.8912261776339446
slate,2812,1803,165,0,TypeScript,0.8016181229773462
jellyfin,1908,3733,66,-1,C#,0.922587679447574
logseq,1377,2864,145,-1,Clojure,0.7962001093493712
cockroach,3675,52858,0,-1,Go,0.9227862220520419
nps,1943,74,59,-1,Go,0.6027753686036427
llama_index,484,3441,260,-1,Python,0.8490566037735849
C-Plus-Plus,2784,594,0,-1,C++,0.9680851063829787
apollo,2918,1363,39,0,Java,0.9594551789673741
layui,3082,391,117,0,JavaScript,0.9740082079343365
nacos,2085,2617,61,0,Java,0.9715687507862624
HowToLiveLonger,684,13,0,-1,N/A,0.808
quivr,292,1043,214,0,TypeScript,0.9279700654817586
engineering-blogs,3183,681,0,-1,Ruby,0.8222222222222222
calculator,1858,821,0,-1,C++,0.6908358509566969
helix,1368,3138,24,-1,Rust,0.7846914865920334
jq,4243,506,13,-1,C,0.8361188486536676
interactive-coding-challenges,3229,176,0,-1,Python,0.4696969696969697
AnotherRedisDesktopManager,1878,136,47,0,JavaScript,0.761129207383279
whisper.cpp,522,430,13,-1,C,0.5414201183431953
programmer-job-blacklist,2805,28,0,0,Shell,0.5479041916167665
todomvc,4654,753,6,-1,JavaScript,0.8475452196382429
stanford_alpaca,355,6,0,-1,Python,0.366412213740458
Sortable,3724,245,26,0,JavaScript,0.7538549400342661
lede,2367,1875,6,0,C,0.9197124756335283
swift-algorithm-club,2956,608,0,0,Swift,0.8551401869158879
spaCy,3528,3531,122,0,Python,0.985431654676259
vuex,3150,655,51,-1,JavaScript,0.9253968253968254
android_guides,3907,10,0,0,N/A,0.5778364116094987
awesome-macos-command-line,3082,104,0,-1,N/A,0
portainer,2842,4238,111,-1,TypeScript,0.9168207024029574
slick,3629,238,48,0,JavaScript,0.6656458797327395
spacedrive,885,1444,10,-1,TypeScript,0.85
particles.js,3463,21,6,0,JavaScript,0.26054590570719605
detectron2,1638,0,10,0,Python,0.8866550116550117
jsoncrack.com,760,72,20,-1,TypeScript,0.813953488372093
algo,2846,523,2,0,Jinja,0.8979074191502854
composer,4649,2763,193,0,PHP,0.982565050851935
jsPDF,5198,700,32,-1,JavaScript,0.9452837893017558
postcss,3809,720,247,0,TypeScript,0.9802083333333333
minikube,2875,7387,145,-1,Go,0.9042145593869731
backbone,4900,878,0,0,JavaScript,0.9841995841995842
RSSHub,2159,7697,0,-1,JavaScript,0.9432937864468128
floating-ui,2893,947,401,-1,TypeScript,0.9968602825745683
leetcode,1992,2153,19,-1,Java,1.0
async,5021,503,7,0,JavaScript,0.9946428571428572
hutool,3609,393,139,0,Java,0.9992283950617284
echo,3287,552,103,-1,Go,0.9633357296908699
AI-Expert-Roadmap,1222,13,0,-1,JavaScript,0.7301587301587301
OpenAPI-Specification,3650,857,10,0,JavaScript,0.8316326530612245
linkedin-skill-assessments-quizzes,1692,5572,1,-1,N/A,0.8997722095671982
system-design,563,11,0,-1,N/A,0.8888888888888888
uppy,3027,2519,76,-1,TypeScript,0.9430408819476344
AFFiNE,578,3361,230,-1,TypeScript,0.8265963678968952
expo,2754,11828,0,-1,TypeScript,0.9688454489920586
awesome-docker,3448,897,1,-1,N/A,1.0
ChatGPT,453,294,277,-1,Python,0.9864532019704434
awesome-python-cn,3040,51,0,0,Makefile,0.6206896551724138
NewPipe,3100,1506,128,-1,Java,0.8627520339582596
serenity,1915,17300,0,-1,C++,0.8243141203121067
AI-For-Beginners,1093,101,0,-1,Jupyter Notebook,0.7368421052631579
mattermost,3181,15408,490,-1,TypeScript,0.9208884452208634
lighthouse,2914,5086,107,0,JavaScript,0.9337146702557201
awesome-remote-job,3345,549,0,-1,N/A,0.7884615384615384
consul,3768,12735,165,-1,Go,0.7890303257207039
machine-learning-for-software-engineers,2699,58,0,0,N/A,0.375
druid,4501,1212,49,0,Java,0.4873145045476304
sharp,3846,273,81,-1,JavaScript,0.9692350332594235
SpringAll,2129,1,0,0,Java,0.574468085106383
cal.com,1074,6201,228,-1,TypeScript,0.8830938442433919
cheerio,4526,2061,57,0,TypeScript,0.9755671902268761
canal,4064,437,29,0,Java,0.7758145938503901
linux-command,2665,304,26,-1,Markdown,0.6589595375722543
influxdb,3808,9681,81,-1,Rust,0.858886346300534
python-guide,4734,681,0,-1,Batchfile,0.6410256410256411
etcher,3047,1705,267,0,TypeScript,0.828169014084507
remote-jobs,3061,1192,0,-1,JavaScript,0.8869047619047619
TTS,1380,467,98,-1,Python,0.9421906693711968
Charts,3268,418,38,-1,Swift,0.8001898433792122
underscore,5240,742,0,0,JavaScript,0.9788583509513742
Daily-Interview-Question,1867,15,0,-1,JavaScript,0.533213644524237
django-rest-framework,4747,2907,17,-1,Python,0.9800362976406534
react-spring,2185,402,48,-1,TypeScript,0.9238410596026491
mmdetection,2017,2358,53,0,Python,0.8396560445118867
go-zero,1301,1822,101,0,Go,0.7491616364855801
pnpm,2954,1984,908,-1,TypeScript,0.642802155504234
react-select,3474,1040,54,-1,TypeScript,0.9128959276018099
faiss,2578,135,15,0,C++,0.8217088055797733
JCSprout,2265,69,0,0,Java,0.6629213483146067
waifu2x,3210,68,3,-1,Lua,0.5802816901408451
mobx,3274,1089,96,0,TypeScript,0.9802597402597403
ComfyUI,408,325,1,-1,Python,0.34478935698447893
fabric.js,5012,2099,137,-1,JavaScript,0.943678747660371
weui,3360,195,44,0,Less,0.9260935143288085
legacy-homebrew,5398,222,0,0,N/A,1.0
spring-cloud-alibaba,2281,942,38,0,Java,0.8444347063978965
v2ray-core,1781,737,77,0,Go,0.9486887115165337
rocksdb,4108,601,184,0,C++,0.810378590078329
css-protips,3106,66,0,-1,N/A,0.9830508474576272
ShareX,3795,734,76,0,C#,0.9174103521012494
yapi,2831,141,1,-1,JavaScript,0.37644628099173555
kafka,4581,7855,0,-1,Java,0
GitHubDaily,1887,3,0,-1,N/A,0.43005181347150256
nginxconfig.io,2246,180,0,0,JavaScript,0.7860262008733624
zed,1104,3749,423,-1,Rust,0.6391854978892476
jax,1953,8556,97,-1,Python,0.7477840451248993
weekly,2537,134,189,0,JavaScript,0.9972375690607734
tqdm,3193,279,125,-1,Python,0.6002076843198338
ControlNet,393,5,0,0,Python,0.25201612903225806
folly,4290,5,176,-1,C++,0.671559633027523
Faker,4520,823,12,0,PHP,0.8666666666666667
remix,1221,2991,135,-1,TypeScript,0.92
vhr,2247,1,0,-1,Java,0.3784860557768924
gradio,1898,2967,352,-1,Python,0.8816067653276956
ResumeSample,3461,2,0,0,N/A,0
hangzhou_house_knowledge,2196,6,0,0,CSS,0.3287671232876712
immer,2253,350,106,0,JavaScript,0.9511811023622048
Ryujinx,2215,2798,0,-1,C#,0.7585083272990587
typst,1618,834,13,-1,Rust,0.6872586872586872
handson-ml2,1878,64,0,0,Jupyter Notebook,0.5916334661354582
angular-cli,3192,9554,683,-1,TypeScript,0.9826092750533049
reverse-interview,1635,71,0,-1,N/A,0.68
Awesome,2831,206,0,-1,N/A,0.5857142857142857
immich,756,2834,170,-1,TypeScript,0.8642573821066549
codemirror5,4794,589,171,-1,JavaScript,0.9032798659324874
gitflow,5152,36,0,0,Shell,0.3490304709141274
JavaScript30,2640,151,0,-1,HTML,0
mongoose,5077,2830,123,-1,JavaScript,0.9766037735849057
rethinkdb,4139,460,72,0,C++,0.7900015671524839
Clone-Wars,1184,121,0,0,N/A,0.8933333333333333
alpine,1554,603,122,-1,HTML,1.0
pytorch-lightning,1796,8502,150,0,Python,0.9068185179707144
the-super-tiny-compiler,2911,20,0,-1,JavaScript,0
rufus,4485,1,79,-1,C,0.9959183673469387
ace,4873,1736,68,-1,JavaScript,0.9634387351778656
YesPlayMusic,1238,264,27,-1,Vue,0.6894031668696712
Probabilistic-Programming-and-Bayesian-Methods-for-Hackers,4063,243,0,0,Jupyter Notebook,0.36885245901639346
docsify,2657,633,14,-1,JavaScript,0.826580226904376
data-science-ipython-notebooks,3324,31,0,0,Python,0.5641025641025641
os-tutorial,3440,11,0,0,C,0.5906432748538012
xxl-job,3015,98,32,-1,Java,0.6030769230769231
gitbook,3622,214,0,0,JavaScript,0
Detectron,2338,0,0,0,Python,0.6691891891891892
editor.js,3015,781,68,-1,TypeScript,0.6177745664739884
CheatSheetSeries,1896,817,0,-1,Python,0.9
python-fire,2564,76,9,-1,Python,0.6032786885245902
ToolJet,1066,4135,165,-1,JavaScript,0.8506849315068493
miaosha,1994,20,0,0,Java,1.0
k3s,2100,3065,696,-1,Go,0.9750378214826021
kit,3313,478,13,-1,Go,0.9357142857142857
Complete-Python-3-Bootcamp,2208,12,0,0,Jupyter Notebook,0.6355421686746988
croc,2326,169,148,-1,Go,0.7587822014051522
nodemon,4897,303,93,-1,JavaScript,0.9950890116635973
commander.js,4582,706,78,0,JavaScript,0.9895038167938931
numpy,4916,11073,109,-1,Python,0.8444335217498157
aseprite,3480,237,100,-1,C++,0.5920617420066152
xstate,3090,1779,330,0,TypeScript,0.9552590266875981
nprogress,3845,34,7,-1,JavaScript,0.33766233766233766
fetch,3426,196,56,0,JavaScript,0.9953775038520801
penpot,2983,2463,36,0,Clojure,0.749211356466877
react-virtualized,3040,453,5,0,JavaScript,0.6239460370994941
dokku,3918,3313,266,0,Shell,0.9920121719284899
select2,4379,708,29,0,JavaScript,0.981206932553769
helm,3068,3557,186,0,Go,0.9592730167153091
Data-Science-For-Beginners,1093,293,0,-1,Jupyter Notebook,0.8482142857142857
backstage,1496,14337,307,-1,TypeScript,0.9136389575803691
applied-ml,1335,207,0,-1,N/A,0.9166666666666666
milvus,1627,16543,363,-1,Go,0.9453719253185815
vagrant,5152,2669,120,-1,Ruby,0.9319792658415318
OpenBBTerminal,1166,3483,30,-1,Python,0.8736318407960199
request,4785,650,0,0,JavaScript,0.9564068692206077
Modernizr,5270,805,25,0,JavaScript,0.8869448183041723
fastjson,4501,418,84,0,Java,0.47009502515371715
butterknife,4013,346,0,0,Java,0.9165261382799326
the_silver_searcher,4485,399,0,0,C,0.4886499402628435
netron,4813,1,2,-1,JavaScript,0.9732569245463228
ink,2453,201,50,-1,TypeScript,0.8640483383685801
servo,4404,15713,0,-1,N/A,0.7349387688008547
cmder,3887,420,33,-1,C++,0.983957219251337
hacker-laws,2226,174,1,0,Shell,0.3448275862068966
Python-programming-exercises,4277,0,0,-1,N/A,0.1643835616438356
fastText,2784,12,4,0,HTML,0.5667903525046383
MonitorControl,2357,202,24,-1,Swift,0.9719298245614035
react-three-fiber,1830,560,91,-1,TypeScript,0.9555084745762712
memos,813,1256,60,-1,Go,0.9456598447424136
aos,3157,38,0,-1,JavaScript,0.5249266862170088
xgboost,3675,4032,56,0,C++,0.9295691520755459
RevokeMsgPatcher,1684,8,17,-1,C#,0.9247863247863248
mpv,4156,2246,84,-1,C,0.9080278128950695
viper,3620,388,27,0,Go,0.5392857142857143
fastai,2364,1673,51,-1,Jupyter Notebook,0.8934611048478016
90DaysOfDevOps,795,337,2,-1,Shell,0.9146341463414634
Real-ESRGAN,955,20,10,-1,Python,0.27058823529411763
maybe,58,195,0,-1,Ruby,0.9871794871794872
swagger-ui,4611,2910,318,0,JavaScript,0.8055138784696174
fonts,4089,72,1,0,Shell,0.38461538461538464
YouCompleteMe,4336,776,0,0,Python,0.996268656716418
GPTs,110,36,0,-1,N/A,0.7619047619047619
plyr,3302,382,88,0,JavaScript,0.5890077821011673
mongo,5523,125,0,-1,C++,0
coder2gwy,1156,2,0,0,N/A,0.19047619047619047
awesome-electron,3234,266,0,-1,N/A,0.9767441860465116
server,2828,21396,202,0,PHP,0.8735177865612648
darknet,3611,10,0,0,C,0.23544411389715258
toBeTopJavaer,1953,52,0,0,Java,0.5590551181102362
handson-ml,2935,56,0,0,Jupyter Notebook,0.775
Depix,1180,14,0,0,Python,0
dnSpy,3165,53,1,-1,C#,0
Mr.-Ranedeer-AI-Tutor,335,19,3,-1,N/A,0.7674418604651163
modern-js-cheatsheet,2355,83,0,0,N/A,0.8235294117647058
awesome-deep-learning-papers,2827,39,0,0,TeX,0.4230769230769231
quasar,3069,3546,846,-1,JavaScript,0.9402847350382283
proxyee-down,2318,16,49,-1,Java,0
ngx-admin,2836,343,19,-1,TypeScript,0.7627800114876507
emscripten,4765,10306,0,0,C++,0.8172686230248307
mediapipe,1722,152,52,0,C++,0.9468783068783069
hosts,4340,457,627,-1,Python,0.9624591947769314
directus,4096,6654,289,-1,TypeScript,0.9425272444213804
generative-ai-for-beginners,255,182,0,-1,Jupyter Notebook,0.8947368421052632
ItChat,2963,29,13,0,Python,0.7006802721088435
chatbot-ui,355,246,0,-1,TypeScript,0.9575
incubator-seata,1889,2038,39,0,Java,0.8021152240467576
lottie-ios,2701,685,65,0,Swift,0.9902767389678384
trilium,2473,246,293,-1,JavaScript,0.7091503267973857
nylas-mail,3423,139,53,0,JavaScript,0.7136177673874927
SDWebImage,5274,915,143,0,Objective-C,0.9697898423817863
llm-course,256,1,0,-1,Jupyter Notebook,0.4857142857142857
iris,2952,389,20,0,Go,0.8953846153846153
Signal-Android,4459,238,0,-1,Java,0.9705521472392638
Web,2613,0,0,0,N/A,0.7801047120418848
redash,3776,3057,98,0,Python,0.7774113767518549
stb,3567,280,0,0,C,0.8360655737704918
surrealdb,812,851,26,-1,Rust,0.6188077246011755
comprehensive-rust,435,1372,0,-1,Rust,0.5829787234042553
SmartRefreshLayout,2463,12,12,0,Java,0.7927868852459017
eShopOnContainers,2702,538,11,0,C#,0.9633173843700159
fe-interview,1779,8,2,-1,JavaScript,0.0044060627423334504
discord.js,3125,4327,212,-1,TypeScript,0.9798709677419355
polars,1387,7354,130,-1,Rust,0.799850411368736
MiniGPT-4,319,19,0,0,Python,0.2793427230046948
spleeter,1617,49,2,-1,Python,0.7371879106438897
rollup,3212,1844,453,0,JavaScript,0.8460820895522388
EventBus,4245,31,7,0,Java,0.8275862068965517
firecracker,2324,2496,69,-1,Rust,0.935672514619883
vapor,2963,1178,528,0,Swift,0.9502762430939227
devise,5279,774,19,0,Ruby,0.9635887672536887
react-admin,2787,4426,331,-1,TypeScript,0.9799635701275046
PhotoSwipe,4711,83,22,-1,JavaScript,0.6651884700665188
core-js,3879,251,238,-1,JavaScript,0.9665226781857451
micro,2911,616,35,-1,Go,0.6352996254681648
HEU_KMS_Activator,1712,0,33,-1,N/A,0.140625
awesome-piracy,1968,182,0,0,HTML,0.9967741935483871
awesome-actions,1961,439,0,-1,N/A,0.65
envoy,2761,17893,150,0,C++,0.8577167414050823
flutter-go,1878,158,4,-1,Dart,0
NativeScript,3287,3147,147,0,TypeScript,0.8717948717948718
gitlabhq,4533,2227,0,-1,Ruby,0
docz,2175,365,127,0,TypeScript,0.913322632423756
ramda,3905,1300,28,-1,JavaScript,0.9186189889025894
UTM,1784,214,109,-1,Swift,0.75
Telegram,3779,20,88,-1,Java,0
spacemacs,4091,1793,158,-1,Emacs Lisp,0.9739263803680982
algorithms,2659,433,1,0,Python,0.6329113924050633
pkg,2761,176,41,0,JavaScript,1.0
go,3851,48,0,0,N/A,0.9019607843137255
awesome-swift,3521,1425,0,-1,Ruby,1.0
apollo,2431,9712,12,0,C++,0.8370457209847597
roop,277,82,6,-1,Python,0
RxSwift,3250,780,72,0,Swift,0.9748987854251012
Langchain-Chatchat,335,403,29,-1,Python,0.9760132340777502
30-Days-Of-React,1248,10,0,0,JavaScript,0.2463768115942029
localForage,3773,268,26,-1,JavaScript,0.702513966480447
components,2978,11546,444,0,TypeScript,0.8732853456471547
tdesktop,3590,1420,681,-1,C++,0.9419646161818047
tokio,2728,3118,114,0,Rust,0.8765837634913186
eslint,3896,5898,314,0,JavaScript,0.9916816997394268
iTerm2-Color-Schemes,4717,294,0,-1,Shell,0.7961165048543689
iview,2772,526,85,-1,Vue,0.8006442376521117
awesome-vscode,2943,243,0,-1,JavaScript,0.5306122448979592
BaseRecyclerViewAdapterHelper,2881,191,209,0,Kotlin,0.8962795941375423
tools,1470,2821,117,0,Rust,0.940236275191105
mdb-ui-kit,3482,193,34,0,SCSS,0.9907016060862215
Mask_RCNN,2324,65,3,0,Python,0.31096442977631095
cascadia-code,1694,71,17,-1,Python,0.8016949152542373
DeepSpeech,2828,1338,105,-1,C++,0.9447881960970966
docker_practice,3464,260,15,0,Go,0.976303317535545
angular-styleguide,3502,331,0,0,N/A,0.8537735849056604
Rectangle,1714,221,80,0,Swift,0.8131487889273357
autocomplete,1248,1430,1000,-1,TypeScript,0.7265625
idiomatic.js,4663,114,0,-1,N/A,0.5853658536585366
hammer.js,4381,114,0,0,JavaScript,0.7301435406698564
logrus,3788,404,19,-1,Go,0.9941434846266471
openssl,4061,128,24,0,C,0.7956748695003728
Hystrix,4119,677,79,-1,Java,0.6614936954413191
srs,3228,407,60,-1,C++,0.8686502177068215
Wox,3724,293,39,0,Go,0.9543234702671646
coc.nvim,2129,753,82,-1,TypeScript,0.9914738124238733
WeChatMsg,414,60,19,-1,Python,0.8193979933110368
Vundle.vim,4882,89,0,-1,Vim Script,0.7698744769874477
ngrok,3998,34,0,0,Go,0.7258823529411764
openzeppelin-contracts,2768,2058,88,0,JavaScript,0.902358749314317
headlessui,1261,458,96,-1,TypeScript,0.9765976597659766
go-patterns,2998,10,0,0,Go,0.43333333333333335
setup-ipsec-vpn,2975,43,0,0,Shell,1.0
table,2688,792,228,0,TypeScript,0.9296075085324232
firecracker,2324,2496,69,-1,Rust,0.935672514619883
vapor,2963,1178,528,0,Swift,0.9502762430939227
devise,5279,774,19,0,Ruby,0.9635887672536887
react-admin,2787,4426,331,-1,TypeScript,0.9799635701275046
PhotoSwipe,4711,83,22,-1,JavaScript,0.6651884700665188
core-js,3879,251,238,-1,JavaScript,0.9665226781857451
micro,2911,616,35,-1,Go,0.6352996254681648
HEU_KMS_Activator,1712,0,33,-1,N/A,0.140625
awesome-piracy,1968,182,0,0,HTML,0.9967741935483871
mantine,1148,1143,214,-1,TypeScript,0.991566799822459
awesome-actions,1961,439,0,-1,N/A,0.65
envoy,2761,17893,150,0,C++,0.8577167414050823
flutter-go,1878,158,4,-1,Dart,0
NativeScript,3287,3147,147,0,TypeScript,0.8717948717948718
gitlabhq,4533,2227,0,-1,Ruby,0
docz,2175,365,127,0,TypeScript,0.913322632423756
ramda,3905,1300,28,-1,JavaScript,0.9186189889025894
UTM,1784,214,109,-1,Swift,0.75
Telegram,3779,20,88,-1,Java,0
spacemacs,4091,1793,158,-1,Emacs Lisp,0.9739263803680982
algorithms,2659,433,1,0,Python,0.6329113924050633
paper-reading,860,11,0,-1,N/A,0
javascript-testing-best-practices,1701,146,0,0,JavaScript,0.234375
awesome-sysadmin,3671,183,0,0,N/A,0.2857142857142857
pure,3965,374,27,0,JavaScript,0.9878892733564014
outline,2839,2044,126,-1,TypeScript,0.9675118858954042
wttr.in,2987,271,0,-1,Python,0.5513428120063191
lux,2196,280,84,-1,Go,0.5279187817258884
locust,4760,765,109,-1,Python,0.9923126201153107
architecture-components-samples,2487,216,0,0,Kotlin,0.7797101449275362
react-redux,3155,539,130,0,TypeScript,0.9817605075337034
jumpserver,3527,5912,215,-1,Python,0.9899849774661993
vscodium,2026,413,176,-1,Shell,0.9085365853658537
upscayl,579,45,21,-1,TypeScript,0.9459459459459459
homebridge,3377,306,35,0,TypeScript,0.9932236205227493
Avalonia,3738,4447,73,-1,C#,0.8000632711167353
react-navigation,2590,1119,1000,0,TypeScript,0.9269391696169939
celery,5424,2263,46,0,Python,0.877481451774614
exa,3570,229,12,-1,Rust,0.7281001137656428
streisand,3629,527,0,0,Shell,0.8149122807017544
copilot-docs,859,9,0,0,N/A,0
wiki,2753,366,116,0,Vue,0.9761904761904762
mostly-adequate-guide,3221,274,3,-1,JavaScript,0.7328519855595668
tiptap,2019,669,317,0,TypeScript,0.8409090909090909
skywalking,3036,4409,58,-1,Java,0.989213571288488
textual,1057,1543,91,0,Python,0.9084639498432602
so-vits-svc,356,153,0,-1,Python,0.8384615384615385
dapr,1716,3258,231,0,Go,0.8921248142644874
restic,3595,1841,42,-1,Go,0.8306645316253003
Rocket,2904,16,56,0,Rust,0.9640479360852197
vnpy,3286,1014,58,0,Python,0.9960474308300395
ML-From-Scratch,2580,9,0,-1,Python,0.5362318840579711
libuv,3743,945,9,-1,C,0.9210998206814106
guzzle,4749,921,62,-1,PHP,0.9885807504078303
CodeHub,3872,13,4,0,C#,0.634375
flink,3554,8752,0,0,Java,0
k6,2901,1572,58,0,Go,0.7765330188679245
filebrowser,3093,455,55,0,Go,0.9670761670761671
plane,467,2914,28,-1,TypeScript,0.5278219395866455
bubbletea,1511,376,31,-1,Go,0.78099173553719
highlight.js,4806,1426,37,0,JavaScript,0.9534769833496572
gson,3269,632,6,-1,Java,0.8447401774397972
modern-cpp-tutorial,2750,107,3,-1,C++,0.940677966101695
flameshot,2486,813,25,0,C++,0.7679794520547946
pumpkin-book,1895,46,8,0,N/A,0.7571428571428571
sails,4365,546,42,0,JavaScript,0.921205462250824
nanoid,2399,179,2,-1,JavaScript,0.974025974025974
awesome-falsehood,2730,98,0,-1,N/A,0.9285714285714286
howler.js,4049,128,25,-1,JavaScript,0.7594202898550725
fyne,2215,1565,43,-1,Go,0.7607599844901124
JARVIS,336,23,0,0,Python,0.5804597701149425
refined-github,2936,2882,131,-1,TypeScript,0.9649398220826793
awesome-datascience,3526,343,7,0,N/A,1.0
hub,5198,402,60,0,Go,0.8806930693069307
flv.js,2849,20,15,0,JavaScript,0.42386831275720166
octotree,3583,249,0,0,JavaScript,0.9583333333333334
element-plus,1318,5053,181,0,TypeScript,0.8006446414182111
elixir,4799,6756,144,-1,Elixir,0.9971455756422455
